Designator,Footprint,Quantity,Value,LCSC Part #
5V,TestPoint_Pad_1.0x1.0mm,1,5V,
C1,C_0805_2012Metric_Pad1.18x1.45mm_HandSolder,1,22uF 25V,
C2,C_0805_2012Metric_Pad1.18x1.45mm_HandSolder,1,100nF 25V,
"F1, F2",Fuse_0805_2012Metric_Pad1.15x1.40mm_HandSolder,2,0.4A,
GND,TestPoint_Pad_1.0x1.0mm,1,GND1,
H1,MountingHole_2.5mm,1,MountingHole,
J1,TYPE-C-31-M-17_handsolder,1,USB_C_Receptacle_USB2.0,
J2,TerminalBlock_bornier-2_P5.08mm,1,Screw_Terminal_01x02,
"JP1, JP3",SolderJumper-2_P1.3mm_Open_RoundedPad1.0x1.5mm,2,Jumper_2_Open,
JP2,SolderJumper-3_P1.3mm_Open_Pad1.0x1.5mm,1,Jumper_3_Open,
"R1, R2",R_1206_3216Metric_Pad1.30x1.75mm_HandSolder,2,5k1,
